<addon id="repository.paprasta.visai" name="Paprasta Visai" provider-name="paprasta.visai" version="0.1.0">
    <extension point="xbmc.addon.repository">
        <info compressed="false">https://paprastavisai.smshostingas.lt/repo/repository.xml</info>
        <checksum>https://paprastavisai.smshostingas.lt/repo/repository.xml.md5</checksum>
        <datadir zip="true">https://paprastavisai.smshostingas.lt/repo/</datadir>
    </extension>
    <extension point="xbmc.addon.metadata">
        <summary lang="lt_LT">Paprasta Visai priedų saugykla</summary>
        <description lang="lt_LT">Paprasta Visai priedų saugykla skirta Lietuvos naudotojams</description>
        <disclaimer lang="lt_LT">Paprasta Visai neatsako arba nėra atsakinga už priedų turinį</disclaimer>
    </extension>
</addon>
